1001,eyJhbGciOiJIUzI1NiJ9.eyJzdWIiOiIxMDAxIiwianRpIjoiMDg0YjdhNGMtMDYzMC00MDczLTg4ZmUtYmNiOWYxNGEzMDNjIiwiaWF0IjoxNzcyNzkyNjI4fQ.0iIsVV_DSgryZrQMh5VbBQSXuONezRNAWS1pmBFiLz4
1002,eyJhbGciOiJIUzI1NiJ9.eyJzdWIiOiIxMDAyIiwianRpIjoiZTQzNWNlYTQtM2ZhMC00MDI0LTliZGEtYWY3YjExZmQ3MDIwIiwiaWF0IjoxNzcyNzkyNjI5fQ.26hqhzZ9GBStwhzlC0WBNPubOcJmjP3NUVo70j1qm2w
1003,eyJhbGciOiJIUzI1NiJ9.eyJzdWIiOiIxMDAzIiwianRpIjoiNzhjZDQzNjMtMTlhMC00M2EzLWI5NmEtZjQ5NWY5ZGZjMjZmIiwiaWF0IjoxNzcyNzkyNjI5fQ.tTsqaxgvTrasW_SK1iH3_K1rrzHqx5R610wrTVFzdE8
1004,eyJhbGciOiJIUzI1NiJ9.eyJzdWIiOiIxMDA0IiwianRpIjoiOWU5YjM2YTAtMzE4Yi00OWFkLTg2YzktNTczODkxZTkyODI4IiwiaWF0IjoxNzcyNzkyNjI5fQ.E_tZ8yy1o3LPYlLijoMjB4WU7EdGisut3Ya4wX29Igw
1005,eyJhbGciOiJIUzI1NiJ9.eyJzdWIiOiIxMDA1IiwianRpIjoiNmYwMzYwMzEtNGRmNS00ZjE2LTk5NWItNjY4ZGJhZTc5ODdhIiwiaWF0IjoxNzcyNzkyNjI5fQ.qKGdGlhD3gaeZIarPB5dx3WAsscDEACfxPIoEk7Raxo
1006,eyJhbGciOiJIUzI1NiJ9.eyJzdWIiOiIxMDA2IiwianRpIjoiYWVmYjU1ZDEtOTI2NC00OTMzLTk4NjQtOTc0OWE1MzI4ZGM4IiwiaWF0IjoxNzcyNzkyNjI5fQ.icQwwgupXiVTpYIO9k4tWHvAdLcwK0oi4m9nM2kOoAg
1007,eyJhbGciOiJIUzI1NiJ9.eyJzdWIiOiIxMDA3IiwianRpIjoiNmFmYjhkODUtNmUzZS00NzdmLTg2ZGItZTY4ODVjMmQxMGNmIiwiaWF0IjoxNzcyNzkyNjI5fQ.TlP_liWNbS6221xjS0hQ9sKQMUD-ywP5lUtVSSQ2JZU
1008,eyJhbGciOiJIUzI1NiJ9.eyJzdWIiOiIxMDA4IiwianRpIjoiMTdiMmI3NDMtZjFjMS00NjI1LWI3ZTQtMThjNTRjMmNiNDg3IiwiaWF0IjoxNzcyNzkyNjI5fQ.OG9dA8mY2oOZd6rfuSE8JyPXrjFyXPCll4B6khRrOHc
1009,eyJhbGciOiJIUzI1NiJ9.eyJzdWIiOiIxMDA5IiwianRpIjoiNGQ1ZjcwNWQtYjEzMy00NGQ3LWI5MmEtNzBhNDhmMTU5YTM3IiwiaWF0IjoxNzcyNzkyNjI5fQ.3nf223vpTgzyPatJS1q1h4IkQQtL0GE3_gDaCyO2_FA
1010,eyJhbGciOiJIUzI1NiJ9.eyJzdWIiOiIxMDEwIiwianRpIjoiMzBkODM2MTQtYTE5My00N2M1LTlmNDgtNTAxMjA0MjU0N2IyIiwiaWF0IjoxNzcyNzkyNjI5fQ.Qqy9RzNAc0QnJUV7XLlPdOrugrYTKvwCSayg5Pkxcy4
1011,eyJhbGciOiJIUzI1NiJ9.eyJzdWIiOiIxMDExIiwianRpIjoiYzY2MTk4OTUtZGIwOS00OGIwLThhMzItNDQ4MWFmMzY4MmI1IiwiaWF0IjoxNzcyNzkyNjI5fQ.LZhcmPHoMuW7gPiaVCWpkobnXAXwsZ9rGV6tMhBNUFo
1012,eyJhbGciOiJIUzI1NiJ9.eyJzdWIiOiIxMDEyIiwianRpIjoiNzBiZGZmN2EtODBjMi00ZjhlLTk4YTktNWFhZDg2ZDg0NTBiIiwiaWF0IjoxNzcyNzkyNjI5fQ.eQwA-bq09OQE7jZBHRTjkonXayObronAdNkvFqOuRMQ
1013,eyJhbGciOiJIUzI1NiJ9.eyJzdWIiOiIxMDEzIiwianRpIjoiZmY2MmZhMmItNmViYi00NzhmLTgxYWItM2JiM2FjOGIwNGFlIiwiaWF0IjoxNzcyNzkyNjI5fQ.iC7Ie8Q-BMRUYoVIV6GA2L9L4KMxgFaoYRbVdf2sYug
1014,eyJhbGciOiJIUzI1NiJ9.eyJzdWIiOiIxMDE0IiwianRpIjoiNTMxNzdjZGQtZmQ0OC00M2QyLWEyOGMtZGM0YWVjNjJhZjgyIiwiaWF0IjoxNzcyNzkyNjI5fQ.WvQ3WfYvMcXHgFlTbdB4CaKWUHQ47CbGi4LOWuvCoKk
1015,eyJhbGciOiJIUzI1NiJ9.eyJzdWIiOiIxMDE1IiwianRpIjoiMDM3ZjZmYzYtOTllYS00YjQwLTk2NWMtN2NmMTQ4YjA1NzcyIiwiaWF0IjoxNzcyNzkyNjI5fQ.gmP_FJg9HHZA9ebuvXjQAwK5IZtx6DSW7Tqon8BANZ8
1016,eyJhbGciOiJIUzI1NiJ9.eyJzdWIiOiIxMDE2IiwianRpIjoiNzlmZjYyYjUtMzc1Yy00MjE1LWFjZjktYjgwMTA4MjM0MjNkIiwiaWF0IjoxNzcyNzkyNjI5fQ.PN0SwCBlpnz3ZlFTaLIR9u_6kpkZEpD6urUM9BKdm8s
1017,eyJhbGciOiJIUzI1NiJ9.eyJzdWIiOiIxMDE3IiwianRpIjoiMDI0MDExY2ItZTgyYy00OWI5LTg5ZmEtNmY2MGQ3ZDUxZWMyIiwiaWF0IjoxNzcyNzkyNjI5fQ.gBe1xgAzl2VNSlsusoPE6XmWdW9CC86DS22Vp4kapms
1018,eyJhbGciOiJIUzI1NiJ9.eyJzdWIiOiIxMDE4IiwianRpIjoiOTllMDUxNjctODFhMy00OTQ1LThlNDgtOWUwZjJjNGE1NGY1IiwiaWF0IjoxNzcyNzkyNjI5fQ.vDASBT2CKjMA31ia5l-n4z2bNprfkRf6ehMM_pddwRk
1019,eyJhbGciOiJIUzI1NiJ9.eyJzdWIiOiIxMDE5IiwianRpIjoiNjIxMTk5Y2ItNjA4Ny00OGQyLTg3NmEtNGRlNDFiMDI4YWRmIiwiaWF0IjoxNzcyNzkyNjI5fQ.kd78t38bD8XcBVZKMmS3augXE-TSkjH2AgZ6lvpkBtQ
1020,eyJhbGciOiJIUzI1NiJ9.eyJzdWIiOiIxMDIwIiwianRpIjoiNjdlNmFhMWEtZDNkNi00Y2M4LTk1NmMtZjZmZWE5Mzk1NWRkIiwiaWF0IjoxNzcyNzkyNjI5fQ.jFqsbHJnSfyZMrcSoUy1_SjvWAko9KmnXf4mC4pFVkk
1021,eyJhbGciOiJIUzI1NiJ9.eyJzdWIiOiIxMDIxIiwianRpIjoiNGRlNTg2MmQtNDQ1Zi00ZmUxLTk5OWYtNDBjNzY5Njk3MTBiIiwiaWF0IjoxNzcyNzkyNjI5fQ.Smr4vQJgBZKG8sddsCLc46iz7vXHR7QSgFP6-PngKsM
1022,eyJhbGciOiJIUzI1NiJ9.eyJzdWIiOiIxMDIyIiwianRpIjoiNmM2Mjk2MDYtYTNjMi00NDdkLWI3YmQtYzgwMDBkMWU0ZTZlIiwiaWF0IjoxNzcyNzkyNjI5fQ.cz5SAK3P32tSlZIW05_C8Egx3M2LuQpvrel0Xd7udwY
1023,eyJhbGciOiJIUzI1NiJ9.eyJzdWIiOiIxMDIzIiwianRpIjoiNWIzYmNiZjMtNWVlMS00NDdmLWI5MDktZmIxMTYwMGNlZWU5IiwiaWF0IjoxNzcyNzkyNjI5fQ.hwuZQgfcPWRZN1oP-yVn1J2Opsv3HGMOv86Fuh6vQX8
1024,eyJhbGciOiJIUzI1NiJ9.eyJzdWIiOiIxMDI0IiwianRpIjoiNjkxODA1NDItNjc1ZS00YTNmLTlkNTUtMDI5NDFmODVjMDc1IiwiaWF0IjoxNzcyNzkyNjI5fQ.DU0oMy9dVsdZoUdtAzXuTlV3ToK6ejskvN34bohEB-o
1025,eyJhbGciOiJIUzI1NiJ9.eyJzdWIiOiIxMDI1IiwianRpIjoiYmUxYmZhZmQtYjQzNS00NmI1LTk3YjctNGUzZjk0ZDM4MTU3IiwiaWF0IjoxNzcyNzkyNjI5fQ.8vUjqw5uoJyyaEzXvUthmjHGTYPsoiyhjf7RIiaaWUk
1026,eyJhbGciOiJIUzI1NiJ9.eyJzdWIiOiIxMDI2IiwianRpIjoiOTY4NWRmNWQtNjc2Mi00ODg2LTllYWMtNzViM2M2NzZkNTk1IiwiaWF0IjoxNzcyNzkyNjI5fQ.7opzYT6o0lP2McFxPzmjkXF2XbEvZgTIFrmJU7HU5n8
1027,eyJhbGciOiJIUzI1NiJ9.eyJzdWIiOiIxMDI3IiwianRpIjoiYjYwMzg3MmQtZjE4Ny00MmNlLWIyNmUtMjlhNGY0MDRkZTQ5IiwiaWF0IjoxNzcyNzkyNjI5fQ.sRJfFVjUmshhYIMEh2I4LDhlq0krAeVgJDgE2gzzhcg
1028,eyJhbGciOiJIUzI1NiJ9.eyJzdWIiOiIxMDI4IiwianRpIjoiMGY3ODNjNWEtNzljMC00NWIxLTllNzMtOWY2YjVjOTU5YWNlIiwiaWF0IjoxNzcyNzkyNjI5fQ.4rny0BqNpLcWD8M0-Rtgjqbj6Lpv8eI62O2hu_jLulA
1029,eyJhbGciOiJIUzI1NiJ9.eyJzdWIiOiIxMDI5IiwianRpIjoiOWUxNjAwMWUtYjcwYS00MmUwLWJjMDItNjU3MzQ4N2EyYzI1IiwiaWF0IjoxNzcyNzkyNjI5fQ.pNbXuD8Wp3OKNGBX8aA74P9f85IHSP_Fcb9EOPpy2ss
1030,eyJhbGciOiJIUzI1NiJ9.eyJzdWIiOiIxMDMwIiwianRpIjoiNTRlZDFiMzktZDNkYi00MmNmLWJlZDEtZDJkNWQ1ZWQwYTNhIiwiaWF0IjoxNzcyNzkyNjI5fQ.KtYmrlvQ7Mu9ql5QNefyTqOJkx9JdaFk9sxUpj7RUdw
1031,eyJhbGciOiJIUzI1NiJ9.eyJzdWIiOiIxMDMxIiwianRpIjoiZDNhMTcwOWQtMGZjNC00MmE4LThiYTUtOGM3MzQzZDY4NzhkIiwiaWF0IjoxNzcyNzkyNjI5fQ.oXH6P_IVovrrAvO8mTWvKdlt_gIvTrwK4x9HZLEJ0Gc
1032,eyJhbGciOiJIUzI1NiJ9.eyJzdWIiOiIxMDMyIiwianRpIjoiZmFhZDM0MmUtYjgxOC00ZjYxLThjMWYtODZiYWYwNDI5ZjliIiwiaWF0IjoxNzcyNzkyNjI5fQ.jRn3eVEsVVnJVJWpiQT4ihom4VX3rZT1jNU_p88K69E
1033,eyJhbGciOiJIUzI1NiJ9.eyJzdWIiOiIxMDMzIiwianRpIjoiYWFhNGZhN2MtNjEzOC00OWMxLWFmMDYtMTZhMTFmY2EzY2Q2IiwiaWF0IjoxNzcyNzkyNjI5fQ.E5fO1g4RgPiDMU1VfwKpDymmw21c9Hrdert4wF2wLyQ
1034,eyJhbGciOiJIUzI1NiJ9.eyJzdWIiOiIxMDM0IiwianRpIjoiNmYyNDFlYTgtM2IyNC00NGQ0LWIzZGEtNjMwMzRkYWJiODFiIiwiaWF0IjoxNzcyNzkyNjI5fQ.pWMh3E2s58ACFXTivPbopt0TY59Z1S_ru4cAD7lIOiw
1035,eyJhbGciOiJIUzI1NiJ9.eyJzdWIiOiIxMDM1IiwianRpIjoiYjc3NjFkZjctNDcxNi00ODNiLTg3ODktNjJlNjY4MzdkN2FmIiwiaWF0IjoxNzcyNzkyNjI5fQ.6tklF63WMJ5q-VqDeTPwQeXj_ueSq-99lPydYFew2X0
1036,eyJhbGciOiJIUzI1NiJ9.eyJzdWIiOiIxMDM2IiwianRpIjoiNjJhNmVkY2QtNDFmNS00ZTVlLThmMjQtNTY1NDM4ZTQ2MzdhIiwiaWF0IjoxNzcyNzkyNjI5fQ.oxpn9lMtzGP88NA8jVwPD-jT5HNEx5reamxbYgMXJNU
1037,eyJhbGciOiJIUzI1NiJ9.eyJzdWIiOiIxMDM3IiwianRpIjoiZTgzNWE2OWYtZTg0NS00NDg5LWEwZDQtMDU3NzFiMzQxNzE4IiwiaWF0IjoxNzcyNzkyNjI5fQ.oWeeZVf-8y9rdsh9HEJi8shj_kqPyNWf09C6hLnT-Uk
1038,eyJhbGciOiJIUzI1NiJ9.eyJzdWIiOiIxMDM4IiwianRpIjoiYzE3ODIwMTItN2YyZS00Y2ViLTgzNTQtYjhlOTRiZWJiOWY5IiwiaWF0IjoxNzcyNzkyNjI5fQ.FDNZ4SFXQdbqovzkO3j7vPOyckDq-tGw64ahRkv09Pg
1039,eyJhbGciOiJIUzI1NiJ9.eyJzdWIiOiIxMDM5IiwianRpIjoiNzkyZjYzYjktYjI0MC00ZDQ5LTliOWUtMTY0ZTJmM2IyNDM5IiwiaWF0IjoxNzcyNzkyNjI5fQ.yv1nnvXpYrSK-3DZDf3SUswTRh2xVhNm2S6FpYJ8OJU
1040,eyJhbGciOiJIUzI1NiJ9.eyJzdWIiOiIxMDQwIiwianRpIjoiMWM5MDAzZmQtZGU2MC00OTE0LTkwMDEtODk1ZGEwNTdhNzBjIiwiaWF0IjoxNzcyNzkyNjI5fQ.3OtRmmLTz3Bjsh3yjgGIKGAOlbCLf1UGwMDZydK8XBs
1041,eyJhbGciOiJIUzI1NiJ9.eyJzdWIiOiIxMDQxIiwianRpIjoiNDE2Mjc2MTUtOTcxOS00OGU3LThjNDQtY2I1MjNhOWRmMDJkIiwiaWF0IjoxNzcyNzkyNjI5fQ.tWk6IgusYF91QjQ9Nj27PemGq0ODtXdA9GX54GS3kJE
1042,eyJhbGciOiJIUzI1NiJ9.eyJzdWIiOiIxMDQyIiwianRpIjoiMWRlMTdjM2QtNjY5Ni00ODJiLWFmNTItZjFkOGEyZGQzYmMxIiwiaWF0IjoxNzcyNzkyNjI5fQ.9naT2In6584Um7VPIr2krrz2SzdYyOVcpsyNRQwzOlY
1043,eyJhbGciOiJIUzI1NiJ9.eyJzdWIiOiIxMDQzIiwianRpIjoiZjI0NDQ5ODgtNjcxYy00OWFiLWFhYzUtY2E0ZDlmZGQ2ZWE5IiwiaWF0IjoxNzcyNzkyNjI5fQ.ZfCDSc97yazXuP00JxJ7z485a3YGzotBR0ZZbVynKJ4
1044,eyJhbGciOiJIUzI1NiJ9.eyJzdWIiOiIxMDQ0IiwianRpIjoiNTUwYzdlZTMtZTgyZC00YTZjLTllZjEtNDM5MjY5NGNhYmJmIiwiaWF0IjoxNzcyNzkyNjI5fQ.IDI6Ohzcu7OHOGAD6CYeIC_ZSzNTl882-kGxoqav4p0
1045,eyJhbGciOiJIUzI1NiJ9.eyJzdWIiOiIxMDQ1IiwianRpIjoiNGIyMzIwMzQtYmFkOS00MTA3LTliYjctNjc5NDNhOTZkODQ1IiwiaWF0IjoxNzcyNzkyNjI5fQ.zXA_70r6hXKoc1XP9YbxZrqANzjGHYZvAeDoQqhO9n8
1046,eyJhbGciOiJIUzI1NiJ9.eyJzdWIiOiIxMDQ2IiwianRpIjoiMTM2YTVlODQtZmViNS00ZjA0LWIxNzAtMmYwNGE4ZWUyOTZkIiwiaWF0IjoxNzcyNzkyNjI5fQ.YVWYKzy1hg41bnuOljMR9q3TOE4Xwkr8Lw5K8LRoVRk
1047,eyJhbGciOiJIUzI1NiJ9.eyJzdWIiOiIxMDQ3IiwianRpIjoiYzMyNjY0NTEtODhjNC00YmY0LTliNTItODFkOWI1NjZkM2IyIiwiaWF0IjoxNzcyNzkyNjI5fQ.FmSCeBNZroUaXpq0AHpTSwjbSMI9nZErcVqzRyD76aE
1048,eyJhbGciOiJIUzI1NiJ9.eyJzdWIiOiIxMDQ4IiwianRpIjoiNGMwOTQ2MzktN2E0Ni00OGFiLTk2NzEtMjhiODZkOTAzN2VjIiwiaWF0IjoxNzcyNzkyNjI5fQ.D3x4xguIvbHqprIkJOaNuz9AVb_50U_6XJYt2dJHdJQ
1049,eyJhbGciOiJIUzI1NiJ9.eyJzdWIiOiIxMDQ5IiwianRpIjoiZDQ4ZmQxNWQtNjhmZi00YmI0LTg0YzQtNjA2NzQxMDZmMmYwIiwiaWF0IjoxNzcyNzkyNjI5fQ.gVZW205sPa_WV-qDjOc0CzJbpjCLAYJKDGYkWmnfOzA
1050,eyJhbGciOiJIUzI1NiJ9.eyJzdWIiOiIxMDUwIiwianRpIjoiZDAyNWJlOGYtZmFkOS00YzYwLWIxZGYtY2ZmZjFhNDA4YzQ5IiwiaWF0IjoxNzcyNzkyNjI5fQ.BDKhiLpcUt8IuCzz8R59uHa7x2sHLW2oXhfjbB4aTI4
1051,eyJhbGciOiJIUzI1NiJ9.eyJzdWIiOiIxMDUxIiwianRpIjoiNWM2MDYwNDgtMjVmNy00MWEwLTkzZjUtZmY5YjgwMmJmMGM1IiwiaWF0IjoxNzcyNzkyNjI5fQ.wOKFpgPEhDwJQ693-U7G65ArAgT54_kguIDQ0TgpxJw
1052,eyJhbGciOiJIUzI1NiJ9.eyJzdWIiOiIxMDUyIiwianRpIjoiZGUzZjJlZmEtNDE4Yy00NjkzLTlkZDQtNDdiNWJkNDUyYzI3IiwiaWF0IjoxNzcyNzkyNjI5fQ.wgVnBqYIE7pLS95XGuA6AvhXidHn5uLxw1yX0H79EKY
1053,eyJhbGciOiJIUzI1NiJ9.eyJzdWIiOiIxMDUzIiwianRpIjoiZTc0YTg3YTktZGI1Ny00YWIxLTkxOTQtMjA5ZmFhMjA2YTBjIiwiaWF0IjoxNzcyNzkyNjI5fQ.FmgYDMCIqfEWX8aVJOn3xX99hDrRiHDA_2hU0JR9Y5I
1054,eyJhbGciOiJIUzI1NiJ9.eyJzdWIiOiIxMDU0IiwianRpIjoiNTBkMjY3Y2EtOGI3Yi00NDgxLTgxYmYtODUzNzZjMThmYzE5IiwiaWF0IjoxNzcyNzkyNjI5fQ.rsNOdIXkTrYyMerkEt3scX8A2wAnCkAzXNrsyBtlw58
1055,eyJhbGciOiJIUzI1NiJ9.eyJzdWIiOiIxMDU1IiwianRpIjoiMTNjNDA2ZmUtODRiMS00NzFhLTk3ZDktZTAzMTliZmNhNDY2IiwiaWF0IjoxNzcyNzkyNjI5fQ.j_Xg4aIODK59XGfFAMMbkwrCJSGnJFxcdc1L1HQkKVI
1056,eyJhbGciOiJIUzI1NiJ9.eyJzdWIiOiIxMDU2IiwianRpIjoiMjljZWRlN2ItNTk1Mi00M2UwLWIyNjQtYmM5MzAyM2NhMzYyIiwiaWF0IjoxNzcyNzkyNjI5fQ.8iDPvQuwihjsVwL_55AKUgE9K-mA0hjEhBAOchR3rU4
1057,eyJhbGciOiJIUzI1NiJ9.eyJzdWIiOiIxMDU3IiwianRpIjoiYjkyMjY3NjgtZGE5My00MDczLWJkZDgtYmFjNzIwOTEwNDhhIiwiaWF0IjoxNzcyNzkyNjI5fQ.qearWBnUlTo2WckJ12p1Io5N_Jbn9uUSLByWkPKiiYE
1058,eyJhbGciOiJIUzI1NiJ9.eyJzdWIiOiIxMDU4IiwianRpIjoiZWRkN2QxM2MtOWM3OC00NTMzLThhMDAtZDc2ZWQ2NGY0MWVmIiwiaWF0IjoxNzcyNzkyNjI5fQ.V0MVVQhVKDSSxatUZK9F66eyCSNH1n_VUGrOYXxWfcE
1059,eyJhbGciOiJIUzI1NiJ9.eyJzdWIiOiIxMDU5IiwianRpIjoiOWI3NDAxOWItYzA3Mi00ZGUwLWI5MTUtZWRiNzY2NDE3MGYzIiwiaWF0IjoxNzcyNzkyNjI5fQ.Of1YqVzyiS_dxZ2T1QxEo7xjhkCgdTze1xErYCve7Y4
1060,eyJhbGciOiJIUzI1NiJ9.eyJzdWIiOiIxMDYwIiwianRpIjoiYzYwMWQ1ZTctMzJmYy00MDM3LWFlYzgtZjNjMGNlNGIwN2U1IiwiaWF0IjoxNzcyNzkyNjI5fQ.9O-zTtVT82gU66VmNqanAR0oSevrYktWsVv2kYS4718
1061,eyJhbGciOiJIUzI1NiJ9.eyJzdWIiOiIxMDYxIiwianRpIjoiZTc1YzhmZmMtZWVlMy00NjdkLWI0OTgtZGRiZjQzOTU5MjlmIiwiaWF0IjoxNzcyNzkyNjI5fQ.eOCs2bi1US68dX-AB3RjN8yV32FQ2Nsoj7WT2FQNbpY
1062,eyJhbGciOiJIUzI1NiJ9.eyJzdWIiOiIxMDYyIiwianRpIjoiZGYyMGY0ZDktYzY1OC00MjhhLWIxOGQtZjE2ZGM5NTRhMzQ0IiwiaWF0IjoxNzcyNzkyNjI5fQ.NjQd5afAcEY2c7VoEtdVI4BQb4pf7vPeAdDscXj2Oqs
1063,eyJhbGciOiJIUzI1NiJ9.eyJzdWIiOiIxMDYzIiwianRpIjoiNmM2YmEwYmMtYzVlZC00NDAzLTgxZTUtMTU0YTY4YzIzNjlkIiwiaWF0IjoxNzcyNzkyNjI5fQ.d9tXN2JPIKCZBBe12gLnsG40pYyjBxGgkktCy2UeTtw
1064,eyJhbGciOiJIUzI1NiJ9.eyJzdWIiOiIxMDY0IiwianRpIjoiMTg1NmIzYmItNjM0OS00YzAxLWI5NGEtZTE1ODY5YTU3ZTU4IiwiaWF0IjoxNzcyNzkyNjI5fQ.jRYW7oKDru3Nz6XZq3ub1PaRF3pUd3Ak_eIRHa9KJFo
1065,eyJhbGciOiJIUzI1NiJ9.eyJzdWIiOiIxMDY1IiwianRpIjoiNTg1YTM2MDEtNTBkMi00YTRlLWJkMjUtODJjZDRlNzRiYjQ4IiwiaWF0IjoxNzcyNzkyNjI5fQ.7OFMuScRPb33eUn77kOX57mPRtnKxymGxhjdugm9fwk
1066,eyJhbGciOiJIUzI1NiJ9.eyJzdWIiOiIxMDY2IiwianRpIjoiYzhjZWY3ODgtM2ZjYy00ODE5LWI3NDYtNGE4ODYxOWFkNGNmIiwiaWF0IjoxNzcyNzkyNjI5fQ.crvIZJYwuXxCHDBKSGVE2o9W7MAac8F3cAHniPsqkvU
1067,eyJhbGciOiJIUzI1NiJ9.eyJzdWIiOiIxMDY3IiwianRpIjoiNDEyZGJiZWItMDMwOC00ZmQzLWE2MmEtYjg5ZDRlYzIzNzRmIiwiaWF0IjoxNzcyNzkyNjI5fQ.lvxuJAJC_2GBSXbHLY9ZAPJaIVd62wh8tbvcMG6cKaU
1068,eyJhbGciOiJIUzI1NiJ9.eyJzdWIiOiIxMDY4IiwianRpIjoiZTJmYThhYmEtMmZlZC00YTZkLWI5MzMtZDk4MjJmMWU1MDQ1IiwiaWF0IjoxNzcyNzkyNjI5fQ.NHmQbFoK9lKnv-d6rGfFLaW-aopPeVAI5W8J1n_2His
1069,eyJhbGciOiJIUzI1NiJ9.eyJzdWIiOiIxMDY5IiwianRpIjoiZmNmMTdiZmEtMGM1MC00NTQ3LWJlOTItOGI5MDE2Njg2ZTMxIiwiaWF0IjoxNzcyNzkyNjI5fQ.runPFlhqOIGd0leCMBEb_Xrvnzc5_v_euDBbGND2D4s
1070,eyJhbGciOiJIUzI1NiJ9.eyJzdWIiOiIxMDcwIiwianRpIjoiMGJkZjA3OGUtMWUwMC00MGIzLWFmMTMtZjNiYWYyOWVlZTRlIiwiaWF0IjoxNzcyNzkyNjI5fQ.d-AOft0Dee65ruc4nMJzAJVFXllAkYo8JO8ittBhkRE
1071,eyJhbGciOiJIUzI1NiJ9.eyJzdWIiOiIxMDcxIiwianRpIjoiMjk0N2Y3NTktYjIyOC00YzI0LWJlZTQtMjYxNjk5NjU2NDJjIiwiaWF0IjoxNzcyNzkyNjI5fQ.4MjJB_nJQa5P84RsI0-shTuiDRhO9BO3TUIzllPH7D8
1072,eyJhbGciOiJIUzI1NiJ9.eyJzdWIiOiIxMDcyIiwianRpIjoiMjA5MDMzNjktOTZiZS00OTQ5LWFlOGYtMDFlMmEwMzY1MDQ3IiwiaWF0IjoxNzcyNzkyNjI5fQ.dwuwKCKDITkpbvTUfPObqckU4xIYH3CVeEapqvnDRAc
1073,eyJhbGciOiJIUzI1NiJ9.eyJzdWIiOiIxMDczIiwianRpIjoiMDMyNjRiN2MtZmZlMy00NzVkLTk3MGQtMDIxMWVhYzBiYTVmIiwiaWF0IjoxNzcyNzkyNjI5fQ.S62WmTs2y0z4kyYJP4trVuYVrHE9t7AGgA1SWDsq7qY
1074,eyJhbGciOiJIUzI1NiJ9.eyJzdWIiOiIxMDc0IiwianRpIjoiNjY3MDRjNzEtZTdkZC00NzRiLTkyMTktMTg5NTM4Mzg3NjU0IiwiaWF0IjoxNzcyNzkyNjI5fQ.avt5CifE1nmGc-9xkCpiNvcl0nMksV6mocBNjnyE_E8
1075,eyJhbGciOiJIUzI1NiJ9.eyJzdWIiOiIxMDc1IiwianRpIjoiOTVkZWViNmUtZmMwMy00MjE5LThmMWMtMGY0NTJhNGNjYzk1IiwiaWF0IjoxNzcyNzkyNjI5fQ.-jU_zMz5WY_uaW2wG6PQL8VFBOqtM75mfT6E4S2b_44
1076,eyJhbGciOiJIUzI1NiJ9.eyJzdWIiOiIxMDc2IiwianRpIjoiNTg3NzAyNjEtN2ZhMi00ZmY2LTgxYWEtZmNkMWNmZjM4YjhiIiwiaWF0IjoxNzcyNzkyNjI5fQ.JOJ0nDYZHS8aeRbRyi-e70P2THaHYHRrPn_TlY1Nzak
1077,eyJhbGciOiJIUzI1NiJ9.eyJzdWIiOiIxMDc3IiwianRpIjoiZDlhZTI5YjctNGNkMS00Y2MwLWI3ZjctMTBmOWExNDAzYWEwIiwiaWF0IjoxNzcyNzkyNjI5fQ.nuHMR9H9lTYAbva9Zmgnn15_V4ZrR9KMM4DwRpNZNpY
1078,eyJhbGciOiJIUzI1NiJ9.eyJzdWIiOiIxMDc4IiwianRpIjoiMzkyMjQyZGItY2Y1MC00OGZkLTliNjYtMjhhYTU2NDM0MDcxIiwiaWF0IjoxNzcyNzkyNjI5fQ.wBHN1uUMlzv1r6aDZMD7xR1gPOg3vEu0TGeW23eFP0s
1079,eyJhbGciOiJIUzI1NiJ9.eyJzdWIiOiIxMDc5IiwianRpIjoiN2U2YTljYmQtOGZlMC00MTg5LTg0YmItMjg4N2M3NjY0NDljIiwiaWF0IjoxNzcyNzkyNjI5fQ.Oz_KrUmMiqyoQ2MkZRGMpX0J97S6nKs2VyswPjQl2Q4
1080,eyJhbGciOiJIUzI1NiJ9.eyJzdWIiOiIxMDgwIiwianRpIjoiN2YyZjEwZjItMTgwMC00YTRmLWJjNjUtMGFkMjk4ODQ0ODZhIiwiaWF0IjoxNzcyNzkyNjI5fQ.rWXmL-GqqpvFQiDfv0I62y1qj2njQSvqbDzBoLgqk-Q
1081,eyJhbGciOiJIUzI1NiJ9.eyJzdWIiOiIxMDgxIiwianRpIjoiYTAxYzI0ODgtNWIzNS00MjU4LWI1MzUtZWY0MWZlYmQ5YWZmIiwiaWF0IjoxNzcyNzkyNjI5fQ.A6DlZ8CX5L48o89DXpbb84q8aG4PFtlyZI4mrzuxwhw
1082,eyJhbGciOiJIUzI1NiJ9.eyJzdWIiOiIxMDgyIiwianRpIjoiMDg0MzE4YzAtOWY0My00MjY5LTk4ZWMtNWMxY2ExNTdhMDE1IiwiaWF0IjoxNzcyNzkyNjI5fQ.oRoTS6r9dynOaKI0pZ3RRnZZINK-A9kRu38ZUtE1wtk
1083,eyJhbGciOiJIUzI1NiJ9.eyJzdWIiOiIxMDgzIiwianRpIjoiY2MyYThiYmYtMTY2Yy00NjRlLWIxYWItNzk2ZWJkOWEzOGY3IiwiaWF0IjoxNzcyNzkyNjI5fQ.tV-VTKRz3PlEBRz_E6widbwKLRMd-eUhnmDp-ftZXzA
1084,eyJhbGciOiJIUzI1NiJ9.eyJzdWIiOiIxMDg0IiwianRpIjoiMzllMzU4YTItNTc0Mi00MWY1LWI2NjUtZmIwNTA0NDg5NWYwIiwiaWF0IjoxNzcyNzkyNjI5fQ.Vsg6A5O35wmAGrIJmWd_AD6FiCrc7X_n6fj1LxyKUg4
1085,eyJhbGciOiJIUzI1NiJ9.eyJzdWIiOiIxMDg1IiwianRpIjoiODZmMzY0NWItMGU4Ni00MGEwLTlmYmYtYTUyMjk3ZmQ3YjdmIiwiaWF0IjoxNzcyNzkyNjI5fQ.nidHO_Udq_xncKPKzO9xN3zO38QuRscSVLynHUI7wVA
1086,eyJhbGciOiJIUzI1NiJ9.eyJzdWIiOiIxMDg2IiwianRpIjoiZjU1YmMyMTYtNjk3ZC00MjJjLTgzMWItNGEwYWQ0N2UxMDlmIiwiaWF0IjoxNzcyNzkyNjI5fQ.7RFV24UWuXjCShCoq2QJOK92cIzQ-KMEw-WDzABuXqQ
1087,eyJhbGciOiJIUzI1NiJ9.eyJzdWIiOiIxMDg3IiwianRpIjoiZDQ0YjA1ZTAtMDdhMC00MDJlLWI1ODItYTk1MzI2ZmFjZWM1IiwiaWF0IjoxNzcyNzkyNjI5fQ.Vg5uCqVID0Z-VM6Vq0oVPiRGPc9wvCFsU5MEW4IA4a4
1088,eyJhbGciOiJIUzI1NiJ9.eyJzdWIiOiIxMDg4IiwianRpIjoiYjEzNjkwYWQtNDAzMC00OGE4LThmYjEtOTNjNzZjNjFkMjNkIiwiaWF0IjoxNzcyNzkyNjI5fQ.B2Gy-hxHMXkQEOwIfdll63SOl_OcAqbx80dtMs4wLKA
1089,eyJhbGciOiJIUzI1NiJ9.eyJzdWIiOiIxMDg5IiwianRpIjoiMDg2NmY4MDQtM2NiMi00NjMxLThiYmItMTAyZjAzYTFlMGIxIiwiaWF0IjoxNzcyNzkyNjI5fQ.1afcWeSZul2CZ7EO2CyktZscC82CHn6XdhWUXD190jA
1090,eyJhbGciOiJIUzI1NiJ9.eyJzdWIiOiIxMDkwIiwianRpIjoiNGEzZGI0MGYtZTY5ZC00MTVmLWJkNDgtZWMzMWJjOGI1MzAwIiwiaWF0IjoxNzcyNzkyNjI5fQ.EBz3x9BqoiAqQbs54iRkwKjb93NWUR5HzlmVpk8cN0E
1091,eyJhbGciOiJIUzI1NiJ9.eyJzdWIiOiIxMDkxIiwianRpIjoiOTUwMDUxYjAtN2EwZi00ZGEzLTk1OWEtZjY4M2M1ZWViNGUyIiwiaWF0IjoxNzcyNzkyNjI5fQ.hM4l2B2UcVBqq3FUJl2OK9u4S7kSSvQzNuuRxIaDWZQ
1092,eyJhbGciOiJIUzI1NiJ9.eyJzdWIiOiIxMDkyIiwianRpIjoiYjdkZjQzMzAtMDU4OS00MGIyLWIwNWItMjVmNWVjMjk3MDY4IiwiaWF0IjoxNzcyNzkyNjI5fQ.NiB_77AvJ4R_yaIe36Cm-z8dxFEYbqqln0slm4165a8
1093,eyJhbGciOiJIUzI1NiJ9.eyJzdWIiOiIxMDkzIiwianRpIjoiZDZjZTYxOGQtMGUyYS00MzhlLWI1M2ItMTkyZmVjMDM1YTNhIiwiaWF0IjoxNzcyNzkyNjI5fQ.iZzU-y-kg_GnaoO5Xbj1GvYAzS_3y0Fhw7sY3g3p8Zo
1094,eyJhbGciOiJIUzI1NiJ9.eyJzdWIiOiIxMDk0IiwianRpIjoiZWY5Yjg4Y2YtZjQ4Yy00ZmRiLTk0NWQtN2M3MTU3MDc3N2UxIiwiaWF0IjoxNzcyNzkyNjI5fQ.aLKSJMVIy-VTJ6kGVFMGKE4x33ceUFvlN2HbnfSWQWg
1095,eyJhbGciOiJIUzI1NiJ9.eyJzdWIiOiIxMDk1IiwianRpIjoiMjA4MzZkZjEtYjhhMC00ZmEzLTlmZWMtZGIyODBmM2JmYjk2IiwiaWF0IjoxNzcyNzkyNjI5fQ.ni0-XT2lzqCZOmTr72FnkO1ZRnST9wcT_RpFVoNBGuI
1096,eyJhbGciOiJIUzI1NiJ9.eyJzdWIiOiIxMDk2IiwianRpIjoiMTgzYTI2ODktMTViNi00ZWMxLWI1YWYtMTY1NTQwMzc3YjU4IiwiaWF0IjoxNzcyNzkyNjI5fQ.ZP0SQwU7vEVXHp634LCQ5mU62XoxlPVxpF-BrRN1Jos
1097,eyJhbGciOiJIUzI1NiJ9.eyJzdWIiOiIxMDk3IiwianRpIjoiNjBlYzBiYjYtMWIwMC00ZjdiLTg1N2QtNzU4ZmI2NjI0OWY0IiwiaWF0IjoxNzcyNzkyNjI5fQ.qP7m85ZdHzhqie80R_ULLEHJEoX43Zvm_Q2F2CVSOK4
1098,eyJhbGciOiJIUzI1NiJ9.eyJzdWIiOiIxMDk4IiwianRpIjoiMGZkMmQ2ZmEtYjcwNC00MDk3LTgzMzUtYThmMDgzZGNjNmQ2IiwiaWF0IjoxNzcyNzkyNjI5fQ.8iDhP5HDZ3PrqNordR7kMXYJPYgIALMRMAiQyne_9js
1099,eyJhbGciOiJIUzI1NiJ9.eyJzdWIiOiIxMDk5IiwianRpIjoiMWMwNTUyYmMtZmMxOS00MzQwLTgzZmMtMWViMmVlMjVhYjYyIiwiaWF0IjoxNzcyNzkyNjI5fQ.o5uPEmLJiNonKoEmu3orMKVLXLr0EHnJKXuZ5KgRygM
1100,eyJhbGciOiJIUzI1NiJ9.eyJzdWIiOiIxMTAwIiwianRpIjoiZTc4YTQ0NTMtMTNmZi00YjU0LTliNzQtODZmMTQwMjM4MmU5IiwiaWF0IjoxNzcyNzkyNjI5fQ.fH7w5Cj54Bq4LmbLVYH47Pn_YZAkVCOldwMmN9e_2XI
