100,eyJhbGciOiJIUzI1NiJ9.eyJzdWIiOiIxMDAiLCJqdGkiOiIzYjdkODI4Mi0yNmM3LTRkYTItODhlZS04ZTlkNThjNTk4NzciLCJpYXQiOjE3NzI3OTQwODB9.vMg6QoBbhdFzXjSy0IzcDaCrdlfciduqOnmgre8lAio
101,eyJhbGciOiJIUzI1NiJ9.eyJzdWIiOiIxMDEiLCJqdGkiOiI2Nzk2ZmZmMS0yMmY1LTQxMzktODAyMC0zODUyODZlM2VlNWUiLCJpYXQiOjE3NzI3OTQwODB9.Nv2JtZZ5mjUokfeauWAF8caMtqqymfIItpCw5T5f9Oo
102,eyJhbGciOiJIUzI1NiJ9.eyJzdWIiOiIxMDIiLCJqdGkiOiI2YzNiNjllMS1lM2Q1LTQ0M2MtYWI5Ni1hYzQ3OTU4MDM1YzAiLCJpYXQiOjE3NzI3OTQwODB9.9I-1am9hyM18hUEDS5p0_uronnAx3tQjLq45B9-A4uE
103,eyJhbGciOiJIUzI1NiJ9.eyJzdWIiOiIxMDMiLCJqdGkiOiI2MTQ3NGFhZS0yYTc0LTRkNGMtODg5Ni04Y2E5ZjdiNDBhMTEiLCJpYXQiOjE3NzI3OTQwODB9.ll2wta4SbdIMnVAdKl2SkxVMnKl38fFEhJddnSAoRrM
104,eyJhbGciOiJIUzI1NiJ9.eyJzdWIiOiIxMDQiLCJqdGkiOiI2N2Y2NTNhMi0zMGNmLTQwZjMtOTY4Mi01ZWFlYzQ3OTMxODciLCJpYXQiOjE3NzI3OTQwODB9.iqTN-8uEloXE_o9T4vz6v35PcQ4f3U_hyb-sb2IngpI
105,eyJhbGciOiJIUzI1NiJ9.eyJzdWIiOiIxMDUiLCJqdGkiOiJlZWNjMTQyOS03Y2Q2LTQ4ODMtYmFhMi1kZjUzOTI1NGI1MjMiLCJpYXQiOjE3NzI3OTQwODB9.DouhCd4fAX_jy7zZTU1iumGxy45BW-QWGKH_75H1Dj0
106,eyJhbGciOiJIUzI1NiJ9.eyJzdWIiOiIxMDYiLCJqdGkiOiJkMDBjZjM3Ni00ZTg1LTQ2MDEtYjM3ZC1kYjNjNTYzNjlmN2UiLCJpYXQiOjE3NzI3OTQwODB9.gC1EoH90HuMK0f62bSQDlI5zP4xVUGKVuiwz--1SMeY
107,eyJhbGciOiJIUzI1NiJ9.eyJzdWIiOiIxMDciLCJqdGkiOiJlOTUwNzg3MC1jODQzLTQxOWYtYjllZC02OGM1MGYzNmE4N2QiLCJpYXQiOjE3NzI3OTQwODB9.HsuinZm11qC5J-moS7f-63IAoWM9-9aRyAGf_kWi4E0
108,eyJhbGciOiJIUzI1NiJ9.eyJzdWIiOiIxMDgiLCJqdGkiOiIwZjUyZTlmOC01MWMwLTQ3OTItYTA2ZS1kN2NlYzU3ODdiNTciLCJpYXQiOjE3NzI3OTQwODB9.YEo-n3JqXdyBzL6Ye-RkFBWOqOTbmm2fHsdWV-OPme0
109,eyJhbGciOiJIUzI1NiJ9.eyJzdWIiOiIxMDkiLCJqdGkiOiJhYjFkM2M0MS0zNTIxLTRhN2YtYjc1OC03YWU3ZGNlNWQyNTYiLCJpYXQiOjE3NzI3OTQwODB9.YXN8J2yoeI5x2oIoFY5FkFnVVehrfED1MKrUK4rKG8g
110,eyJhbGciOiJIUzI1NiJ9.eyJzdWIiOiIxMTAiLCJqdGkiOiJkYzlkZTJjMS1jMDAyLTQ2Y2QtYThkYy1iMjY1NzA5ZmU4MDIiLCJpYXQiOjE3NzI3OTQwODB9.dHuIDq-I2smCFOZnpYmA0AjoI-wkMXruJnn4PIJrFqk
111,eyJhbGciOiJIUzI1NiJ9.eyJzdWIiOiIxMTEiLCJqdGkiOiJhMWMxYzAwNS0yYjdhLTQ0NDgtOGFhOC0zZjY3MmJmMzM4MDYiLCJpYXQiOjE3NzI3OTQwODB9.KC23_Ekeadg-_aX-sEFp1NlA8lO6iHbBQ16f-PolgNg
112,eyJhbGciOiJIUzI1NiJ9.eyJzdWIiOiIxMTIiLCJqdGkiOiI3ZDM2YzFlOC04OWJiLTQ3ZjYtODkyZC05MGFlMDdmOWRiZmQiLCJpYXQiOjE3NzI3OTQwODB9.Hgh6IixIyKUgTvkiE0tWBdsa_hp8C-J2JyaGQ8IzNDM
113,eyJhbGciOiJIUzI1NiJ9.eyJzdWIiOiIxMTMiLCJqdGkiOiIwMjFjOTI1Yi02ZDE1LTQwM2ItOWYyNC1lOGMyM2YzNTExY2IiLCJpYXQiOjE3NzI3OTQwODB9.ZkiYB2PtnsZAMa-ARynjop9gECaH8FbV31Vq4LjspNQ
114,eyJhbGciOiJIUzI1NiJ9.eyJzdWIiOiIxMTQiLCJqdGkiOiJiYzQ3ZjkwMS1iNDBkLTQxMjgtOTJjNC0xNzk1NzkzMDU5N2IiLCJpYXQiOjE3NzI3OTQwODB9.zxlbsb3ui1taUkC2PUC2cd5MYb0Bvm7PMsnmj3ujks4
115,eyJhbGciOiJIUzI1NiJ9.eyJzdWIiOiIxMTUiLCJqdGkiOiI2NzQwNzM2OC0zMWZkLTRmNWMtYWJiNS00NzhkOTA4ZGE5YjMiLCJpYXQiOjE3NzI3OTQwODB9.tmwBC192H4qj0F9uRut4HSNEpTZtwvrE7S5IVd1cgEc
116,eyJhbGciOiJIUzI1NiJ9.eyJzdWIiOiIxMTYiLCJqdGkiOiIzYWFhZTdhOC04NjYxLTRhYjEtOWY1Ny1lNGVhOTQyNmRiNTEiLCJpYXQiOjE3NzI3OTQwODB9.msyO44MsXzCprJjaZxQ6qNiHjvH-F_rjif6Wg9Ev9LY
117,eyJhbGciOiJIUzI1NiJ9.eyJzdWIiOiIxMTciLCJqdGkiOiI3ZTNiODgxZS0xMmJiLTQ4MjMtYThiZi1iMjU4ZjE5NDZjZjIiLCJpYXQiOjE3NzI3OTQwODB9.-QS7LEXkrjBFXd3D6Eajb6g2I2h7jCHBRkQwBbqo6QU
118,eyJhbGciOiJIUzI1NiJ9.eyJzdWIiOiIxMTgiLCJqdGkiOiI1ZjQ3MDE2Yy0yMjQ2LTQzOTEtODg4NS0xZTgyZGUyNTgyZjkiLCJpYXQiOjE3NzI3OTQwODB9.56qvTpLUzF0LHrIIElBpv5Rz-ztkw1SjMJklgvRODdw
119,eyJhbGciOiJIUzI1NiJ9.eyJzdWIiOiIxMTkiLCJqdGkiOiIxMTYzMjkxYS01M2YyLTQ5ODgtYTA4My05ZmYzOGM2ZmY0MWIiLCJpYXQiOjE3NzI3OTQwODB9.rH1FLJ3MUAdy5uym496-96aDqleDPh7eLcK0KboWLk0
120,eyJhbGciOiJIUzI1NiJ9.eyJzdWIiOiIxMjAiLCJqdGkiOiI0NWQ3YWYwNi00NWUxLTQ0YTUtYTMzNS03MmRlNTEyNTAwODgiLCJpYXQiOjE3NzI3OTQwODB9.GRgOXbrPxX0JvhDdzw4ljzQw7QIeg4m4uPpPGWVV9fE
121,eyJhbGciOiJIUzI1NiJ9.eyJzdWIiOiIxMjEiLCJqdGkiOiI1ZTlkY2NkYi0wZmQ1LTRmNjktYTlmYS0xMmM1Y2Y3NDBmZDYiLCJpYXQiOjE3NzI3OTQwODB9.bfDILHfo4i2VFZaaXEFmLqYytsXZHmZwaCougcpFix4
122,eyJhbGciOiJIUzI1NiJ9.eyJzdWIiOiIxMjIiLCJqdGkiOiI4OGRlZDFhMy1jM2RlLTQ1MzUtYmM3NC04NDE2Y2ZmMDgxNjUiLCJpYXQiOjE3NzI3OTQwODB9.0UcYifsL_FU1YXA0sMnu7W7Hwgnq7No-7mulBMbZaAI
123,eyJhbGciOiJIUzI1NiJ9.eyJzdWIiOiIxMjMiLCJqdGkiOiJhNDgzZGMyMC03NTg4LTQ5N2UtYTc3Ni1hZDEzNTQzODcxNTQiLCJpYXQiOjE3NzI3OTQwODB9.sQNs5_8qHRXjABSkT0gy6Ccuo66bTpCVdytKEaJOVhY
124,eyJhbGciOiJIUzI1NiJ9.eyJzdWIiOiIxMjQiLCJqdGkiOiI5YTk0MzQ5OS1lMGU0LTQ2OTQtODY2YS02ODI4NmQxZGE1MWMiLCJpYXQiOjE3NzI3OTQwODB9.4QOdNVHS3tXzcdonW5OnLTyp50wusFtHu0s8Wdl01-U
125,eyJhbGciOiJIUzI1NiJ9.eyJzdWIiOiIxMjUiLCJqdGkiOiI1YTRjZWFlNi0zMjhmLTRmNmQtYjlhOS1jYzM1ZWE4NDFjODEiLCJpYXQiOjE3NzI3OTQwODB9.j9hGjVD8CDR0C2JhOh1c_t5-A7Jr0xbMY8SawevNfrQ
126,eyJhbGciOiJIUzI1NiJ9.eyJzdWIiOiIxMjYiLCJqdGkiOiJkYTY1ZWZjOS05NWRmLTQ5NzItODNkMy04MmRjMTk5MGYxZWUiLCJpYXQiOjE3NzI3OTQwODB9.jbixpVk_m01HYmir4IbYRBteVH4aJAFiQfUAmJWgPWE
127,eyJhbGciOiJIUzI1NiJ9.eyJzdWIiOiIxMjciLCJqdGkiOiIwOGExZDU2Mi02MzUwLTQwYWYtODMxNC1lODY0MDczM2ZmYjkiLCJpYXQiOjE3NzI3OTQwODB9.2CjGt8ia1XctEmUjn5t_JGl8IKDPF6UAy2MnR6qxk5g
128,eyJhbGciOiJIUzI1NiJ9.eyJzdWIiOiIxMjgiLCJqdGkiOiJlMzI1YWY3OS05NTI2LTQ2MTYtOGFiYi1lMDdhZWVkY2Y4MDAiLCJpYXQiOjE3NzI3OTQwODB9.LPHJDuNHz2tS6HOCw8BOPFnts07IANNNlM44xEFc_qk
129,eyJhbGciOiJIUzI1NiJ9.eyJzdWIiOiIxMjkiLCJqdGkiOiIxNjNiYmNhOC04OTRkLTQyMGEtYmJhMy1kYzNiNTVkNTFhNDgiLCJpYXQiOjE3NzI3OTQwODB9.8yhRwhMwnURWx4Lq7FrsMrt5-5MQ0IZy-zzvtxhJtTo
130,eyJhbGciOiJIUzI1NiJ9.eyJzdWIiOiIxMzAiLCJqdGkiOiI4ZDJiMzQzOC1iMWMzLTRmZDgtOGNlNC1hOGRjMDI4OTU2ODQiLCJpYXQiOjE3NzI3OTQwODB9.fNMD0AffKSl809A2k7eHIfBQGNVkpbgjAfPhGBuhEiU
131,eyJhbGciOiJIUzI1NiJ9.eyJzdWIiOiIxMzEiLCJqdGkiOiI3ZWIyYTc2Yi03ZjYyLTQ4YzUtYTRmOS03ZTI1Y2E0ZGQwYzAiLCJpYXQiOjE3NzI3OTQwODB9.yyS0z7IFehgV52dxeuBXgFqfsuL11n96A4dc2ITXAKw
132,eyJhbGciOiJIUzI1NiJ9.eyJzdWIiOiIxMzIiLCJqdGkiOiIyMjk2ZDY3NC03N2MxLTQxYjgtYjUwYy1lODcxZGVjM2EzYTEiLCJpYXQiOjE3NzI3OTQwODB9.H7AJKgrj6qU7E9c6xhMy7ZFMUscSX-JxlDKI1dSQSuI
133,eyJhbGciOiJIUzI1NiJ9.eyJzdWIiOiIxMzMiLCJqdGkiOiI1NTFiMmY4Zi1iNmU5LTRmZTMtYWVlMS05ZWRhNzUyNWI1ZmQiLCJpYXQiOjE3NzI3OTQwODB9.Ba9ihjzDhhi8t8IohOvAVyISBVxeUscpmUbG9Iarypw
134,eyJhbGciOiJIUzI1NiJ9.eyJzdWIiOiIxMzQiLCJqdGkiOiIzZjEzMTIwNC1lMzcwLTRkNzEtYmNmMi0wOGNkMGQyZTVhMTQiLCJpYXQiOjE3NzI3OTQwODB9.qmA4lVgT6kPwx85_1TwByBMt5-XMYoAVnHEVIKkel9A
135,eyJhbGciOiJIUzI1NiJ9.eyJzdWIiOiIxMzUiLCJqdGkiOiJjYjA2ZTVhNC04ZWEyLTQyMmMtOWU5OC1lNTMzNTkxMDcwMjIiLCJpYXQiOjE3NzI3OTQwODB9.I1Cm6WdcRSYC2bd-502DwqBmWyybNxrDxzrMfRAFgIw
136,eyJhbGciOiJIUzI1NiJ9.eyJzdWIiOiIxMzYiLCJqdGkiOiIyYzM4NTliNy1kNjIyLTQzNTgtOWEyOC1iZjM2MTMzYzQ0ZjkiLCJpYXQiOjE3NzI3OTQwODB9.nqch6GaPQHNm7Bbbme-F-R6av8U1p6CNnbyPnXp5XnA
137,eyJhbGciOiJIUzI1NiJ9.eyJzdWIiOiIxMzciLCJqdGkiOiI5OTAwMDdiZi01NDhlLTQ4MDAtYjBmMC0yNTFiMzIyMDJlZTUiLCJpYXQiOjE3NzI3OTQwODB9.fyQBtaJOPSm7ANy4CttnCOjWtW_W7u7fiDZwaK0LM80
138,eyJhbGciOiJIUzI1NiJ9.eyJzdWIiOiIxMzgiLCJqdGkiOiI3ZTQzYzZhZC1kZDhhLTQyNjQtODA1YS0zZjkzNTkxZDM1YTkiLCJpYXQiOjE3NzI3OTQwODB9.gkjQvAWvmqUkw7jv5snLYU-_vOC8P9frHGKxZ1-eumk
139,eyJhbGciOiJIUzI1NiJ9.eyJzdWIiOiIxMzkiLCJqdGkiOiIzZGM3MzQwMy1jYmY2LTRlN2ItODEyYy0xMGQ4N2NlYWU5YzYiLCJpYXQiOjE3NzI3OTQwODB9.oQdz7moZLcU6sGKiEmDUk_mYAZEY9s74rsabSjk0Ays
140,eyJhbGciOiJIUzI1NiJ9.eyJzdWIiOiIxNDAiLCJqdGkiOiJkMmY1M2QwZi1mYzQyLTRkNTctOTU4Ni01N2JkM2YxZTVhNzAiLCJpYXQiOjE3NzI3OTQwODB9.cinSqiVNrCL1Fw0nGh_qpTUTOeI6Z6zSf4_u22yFliE
141,eyJhbGciOiJIUzI1NiJ9.eyJzdWIiOiIxNDEiLCJqdGkiOiI1YmRlNTdmNy01MTQwLTQ2MjUtOWE1Mi0zMTAyYmQ0MDZhOTUiLCJpYXQiOjE3NzI3OTQwODB9.McsqxGLK6QxcPzNKffHyycePRn92ay6z2huubz7sjuM
142,eyJhbGciOiJIUzI1NiJ9.eyJzdWIiOiIxNDIiLCJqdGkiOiI2ZjI4YzA4NC0wN2RlLTQ0ZDYtYWExYS0xYThlYTRjMGZmYjciLCJpYXQiOjE3NzI3OTQwODB9.oGL6bz1yers6gyH95zNqtFtZoE1LOoF3ExMHSq0d3X0
143,eyJhbGciOiJIUzI1NiJ9.eyJzdWIiOiIxNDMiLCJqdGkiOiJkM2U2MTQ5ZS0zNGM5LTQyZDctYmVmNi1kMjM3YzRmNmUwMDkiLCJpYXQiOjE3NzI3OTQwODB9.EZcWd1Xfweh4Um_kMb7t3AlbJ19oAMRL7u0vQqoijWw
144,eyJhbGciOiJIUzI1NiJ9.eyJzdWIiOiIxNDQiLCJqdGkiOiJmYzFhYThkOC0wMGUzLTRjM2MtYWZjMi04MDJkMDVlOTA4YjAiLCJpYXQiOjE3NzI3OTQwODB9.1HYh1zbMd1GDc3K41PQbDMqReU9CVKbBkytXCMa-tJc
145,eyJhbGciOiJIUzI1NiJ9.eyJzdWIiOiIxNDUiLCJqdGkiOiJkZjlmNWJlMi02YmViLTRmNmYtOWY4OS05MjI0NDVjNWRiMjMiLCJpYXQiOjE3NzI3OTQwODB9.T9tQa96Vdse3VfAbk5QGtF-95LT7kqqDWGakBRAtxWk
146,eyJhbGciOiJIUzI1NiJ9.eyJzdWIiOiIxNDYiLCJqdGkiOiJhODU5NzcxMi1mYWQ1LTQzNmItOWM0MS00ZTY1OTg2MjkwNGIiLCJpYXQiOjE3NzI3OTQwODB9.HT0nfAGS8ggmCRGWDC4YoZbr5jmR6sGhMzbcg2o4RSY
147,eyJhbGciOiJIUzI1NiJ9.eyJzdWIiOiIxNDciLCJqdGkiOiJhY2RmOWViNC1mM2FjLTQwMmMtOGYzYS0wNTgwNzMxOWIzMzgiLCJpYXQiOjE3NzI3OTQwODB9.oGN7gNSevybObtD8_vE90ope6B3R1JBxacBzHV4liKU
148,eyJhbGciOiJIUzI1NiJ9.eyJzdWIiOiIxNDgiLCJqdGkiOiJhYjM2ZjEzNS0zOGJmLTRiNjUtYjZkZS0xOGIzNzI5MTU4N2EiLCJpYXQiOjE3NzI3OTQwODB9.LdoSxBmrWcgocYC1n3AV6Mg0wYTiXpCiIippQbNyWLU
149,eyJhbGciOiJIUzI1NiJ9.eyJzdWIiOiIxNDkiLCJqdGkiOiJiY2U1YTZhMC0xMDBiLTQyNmMtYjg4My02MjkxN2FjMzdmNzYiLCJpYXQiOjE3NzI3OTQwODB9.6kqOuBw2b3qqqmkW1hPLgtcvAMBqipWnA1Q9FtR1GuI
150,eyJhbGciOiJIUzI1NiJ9.eyJzdWIiOiIxNTAiLCJqdGkiOiI1YzM3ZTQ2ZC04ZDQ0LTRlZTMtOTk1Zi1kYWUzN2U5NGI3ZTEiLCJpYXQiOjE3NzI3OTQwODB9.xbzpwuS5UaQ44PjA0bl_3d4NWdC_lp1fkoD5YaVITlU
